<?xml version="1.0" encoding="utf-8" ?><dwsync><file name="ColorChooser.java" server="develop.flvs.net" local="3479101580" remote="319783739127319888" Dst="-1" /><file name="DigitalPicture.java" server="develop.flvs.net" local="3479101580" remote="319783739127319888" Dst="-1" /><file name="FileChooser.java" server="develop.flvs.net" local="3479101580" remote="319783739127319888" Dst="-1" /><file name="ImageDisplay.java" server="develop.flvs.net" local="3479101580" remote="319783739127319888" Dst="-1" /><file name="IntArrayWorker.java" server="develop.flvs.net" local="3479101580" remote="319783739127319888" Dst="-1" /><file name="IntArrayWorkerTester.java" server="develop.flvs.net" local="3479101580" remote="319783739127319888" Dst="-1" /><file name="Picture.java" server="develop.flvs.net" local="3479101580" remote="319783739127319888" Dst="-1" /><file name="leftArrow.gif" server="develop.flvs.net" local="3479101580" remote="319783739127319888" Dst="-1" /><file name="PictureExplorer.java" server="develop.flvs.net" local="3479101580" remote="319783739127319888" Dst="-1" /><file name="PictureFrame.java" server="develop.flvs.net" local="3479101580" remote="319783739127319888" Dst="-1" /><file name="PictureTester.java" server="develop.flvs.net" local="3479101580" remote="319783739127319888" Dst="-1" /><file name="Pixel.java" server="develop.flvs.net" local="3479101580" remote="319783739127319888" Dst="-1" /><file name="rightArrow.gif" server="develop.flvs.net" local="3479101580" remote="319783739127319888" Dst="-1" /><file name="~WRL1689.tmp" server="develop.flvs.net" local="3479101578" remote="319783739127319888" Dst="-1" /><file name="SimplePicture.java" server="develop.flvs.net" local="3479101580" remote="319783739127319888" Dst="-1" /></dwsync>