<?xml version="1.0" encoding="utf-8" ?><dwsync><file name="640x480.jpg" server="develop.flvs.net" local="3479101580" remote="319783739127319888" Dst="-1" /><file name="7inX95in.jpg" server="develop.flvs.net" local="3479101580" remote="319783739127319888" Dst="-1" /><file name="barbaraS.jpg" server="develop.flvs.net" local="3479101580" remote="319783739127319888" Dst="-1" /><file name="arch.jpg" server="develop.flvs.net" local="3479101580" remote="319783739127319888" Dst="-1" /><file name="beach.jpg" server="develop.flvs.net" local="3479101580" remote="319783739127319888" Dst="-1" /><file name="blue-mark.jpg" server="develop.flvs.net" local="3479101580" remote="319783739127319888" Dst="-1" /><file name="blueMotorcycle.jpg" server="develop.flvs.net" local="3479101580" remote="319783739127319888" Dst="-1" /><file name="caterpillar.jpg" server="develop.flvs.net" local="3479101580" remote="319783739127319888" Dst="-1" /><file name="CumberlandIsland.jpg" server="develop.flvs.net" local="3479101580" remote="319783739127319888" Dst="-1" /><file name="butterfly1.jpg" server="develop.flvs.net" local="3479101580" remote="319783739127319888" Dst="-1" /><file name="femaleLionAndHall.jpg" server="develop.flvs.net" local="3479101580" remote="319783739127319948" Dst="-1" /><file name="flower1.jpg" server="develop.flvs.net" local="3479101580" remote="319783739127319948" Dst="-1" /><file name="flower2.jpg" server="develop.flvs.net" local="3479101580" remote="319783739127319948" Dst="-1" /><file name="gorge.jpg" server="develop.flvs.net" local="3479101580" remote="319783739127319948" Dst="-1" /><file name="KatieFancy.jpg" server="develop.flvs.net" local="3479101580" remote="319783739127319948" Dst="-1" /><file name="jenny-red.jpg" server="develop.flvs.net" local="3479101580" remote="319783739127319948" Dst="-1" /><file name="kitten2.jpg" server="develop.flvs.net" local="3479101580" remote="319783739127319948" Dst="-1" /><file name="koala.jpg" server="develop.flvs.net" local="3479101580" remote="319783739127319948" Dst="-1" /><file name="msg.jpg" server="develop.flvs.net" local="3479101582" remote="319783739127319948" Dst="-1" /><file name="redMotorcycle.jpg" server="develop.flvs.net" local="3479101582" remote="319783739127319948" Dst="-1" /><file name="robot.jpg" server="develop.flvs.net" local="3479101582" remote="319783739127319948" Dst="-1" /><file name="moon-surface.jpg" server="develop.flvs.net" local="3479101582" remote="319783739127319948" Dst="-1" /><file name="snowman.jpg" server="develop.flvs.net" local="3479101582" remote="319783739127319948" Dst="-1" /><file name="seagull.jpg" server="develop.flvs.net" local="3479101582" remote="319783739127319948" Dst="-1" /><file name="swan.jpg" server="develop.flvs.net" local="3479101582" remote="319783739127319948" Dst="-1" /><file name="thruDoor.jpg" server="develop.flvs.net" local="3479101582" remote="319783739127319948" Dst="-1" /><file name="Thumbs.db" server="develop.flvs.net" local="3479101582" remote="319783739127319948" Dst="-1" /><file name="wall.jpg" server="develop.flvs.net" local="3479101582" remote="319783739127319948" Dst="-1" /><file name="temple.jpg" server="develop.flvs.net" local="3479101582" remote="319783739127319948" Dst="-1" /><file name="water.jpg" server="develop.flvs.net" local="3479101582" remote="319783739127319948" Dst="-1" /><file name="whiteFlower.jpg" server="develop.flvs.net" local="3479101582" remote="319783739127319948" Dst="-1" /></dwsync>